keys,en,fr
CARD_FORMULAIRE_STANDARD_TITLE,Sequential Filing,Classement séquentiel
CARD_FORMULAIRE_STANDARD_DESC,+1 productivity if scheduled after an Admin task.,+1 productivité si planifiée après une tâche Admin.
CARD_LECTURE_EMAIL_TITLE,Read Inbox,Lecture d’email
CARD_LECTURE_EMAIL_DESC,+1 productivity if scheduled in the morning.,+1 de productivité si agendée le matin. 
CARD_BOUCLEMENT_COMPTES_TITLE,Report Rush,Bouclement des comptes
CARD_BOUCLEMENT_COMPTES_DESC,Can only be scheduled in the afternoon.,Ne peut être planifiée que l’après-midi.
CARD_DUPLICATA_TITLE,Photocopy,Photocopie
CARD_DUPLICATA_DESC,Creates a copy of a card in hand and ARCHIVES it.,"Crée une copie d’une carte en main, puis l’ARCHIVE."
CARD_CLASSEMENT_PRIORITAIRE_TITLE,Folder Organization,Classement Prioritaire
CARD_CLASSEMENT_PRIORITAIRE_DESC,"""ARCHIVES a card in hand. +1 FOCUS",ARCHIVE une carte en main. Réduit d’une case la prochaine carte Admin planifiée aujourd’hui.
CARD_PREVISION_BUDGETAIRE_TITLE,Performance Forecast,Prévision budgétaire
CARD_PREVISION_BUDGETAIRE_DESC,INSIGHT. The chosen card doubles its productivity.,INSIGHT. La carte pioché double sa prod de base.
CARD_DOSSIER_PERSISTANT_TITLE,Legacy Record,Dossier persistant
CARD_DOSSIER_PERSISTANT_DESC,+1 to each card that has been ARCHIVED during the run.,Ajoute 1 productivité de base permanente à chaque carte ARCHIVEE précédemment pendant la run.
CARD_CENTRE_ARCHIVE_TITLE,Record Keeper,Centre d’archive
CARD_CENTRE_ARCHIVE_DESC,"While in hand, gain +1 productivity per ARCHIVE.",En main: Gagne +1 de productivité à chaque archive
CARD_CONTROLE_QUALITE_TITLE,Admin Priority,
CARD_CONTROLE_QUALITE_DESC,+2 productivity to the next drawn card if it's an Admin card. ,"Si la prochaine tâche est de type Admin, la tâche gagne +2 de productivityé. "
CARD_PAUSE_CLOPE_TITLE,Smoke Break,Pause clope
CARD_PAUSE_CLOPE_DESC,Draw 2 cards.,Pioche 2 cartes supplémentaires.
CARD_SIESTE_TITLE,Nap,Sieste
CARD_SIESTE_DESC,Restore 6 Sanity.,Restaure 6 Santé mentale.
CARD_PAUSE_CAFE_TITLE,Coffee Break,Pause café
CARD_PAUSE_CAFE_DESC,Restore 4 Sanity and apply FOCUS.,Restaure 4 Santé mentale. Applique FOCUS.
CARD_MEDITATION_TITLE,Meditation,Méditation
CARD_MEDITATION_DESC,Restore 4 Sanity and apply ZEN.,Restaure 4 Santé mentale. Applique ZEN.
CARD_ACCOUNTING_UPDATE_TITLE,Accounting Update,Mise a jour comptable
CARD_ACCOUNTING_UPDATE_DESC,A routine accounting task for Paula.,Une tache comptable de routine pour Paula.